strategy,feature,period,bucket,n_events,n_tp1_first,n_stop_first,n_neither,n_ambiguous,n_resolved_non_ambiguous,tp1_first_rate,stop_first_rate,net_path_rate,median_mfe_signal_r,median_mae_signal_r,median_time_to_first_path
BRF2-001,cross_sectional_dispersion_24h,Discovery,LOW,96,42,49,5,0,91,0.46153846153846156,0.5384615384615384,-0.07692307692307693,1.468362831858407,-1.6578014184397163,405.0
BRF2-001,cross_sectional_dispersion_24h,Discovery,MID,93,42,44,7,0,86,0.4883720930232558,0.5116279069767442,-0.023255813953488372,1.625,-1.4464285714285714,195.0
BRF2-001,cross_sectional_dispersion_24h,Discovery,HIGH,109,61,30,18,0,91,0.6703296703296703,0.32967032967032966,0.34065934065934067,1.6777251184834123,-0.9148936170212764,405.0
BRF2-001,cross_sectional_dispersion_24h,Holdout,LOW,48,26,20,2,0,46,0.5652173913043478,0.43478260869565216,0.13043478260869565,2.3713725490196076,-3.1154205607476637,202.5
BRF2-001,cross_sectional_dispersion_24h,Holdout,MID,111,45,60,6,0,105,0.42857142857142855,0.5714285714285714,-0.14285714285714285,1.3333333333333333,-2.65,390.0
BRF2-001,cross_sectional_dispersion_24h,Holdout,HIGH,156,85,54,17,0,139,0.6115107913669064,0.38848920863309355,0.22302158273381295,2.6892902754971724,-1.0471904113320623,210.0
BRF2-001,cross_sectional_dispersion_24h,Full,LOW,144,68,69,7,0,137,0.49635036496350365,0.5036496350364964,-0.0072992700729927005,1.8452380952380953,-1.9092068645640075,360.0
BRF2-001,cross_sectional_dispersion_24h,Full,MID,204,87,104,13,0,191,0.45549738219895286,0.5445026178010471,-0.08900523560209424,1.4159665099882492,-2.099023331524688,300.0
BRF2-001,cross_sectional_dispersion_24h,Full,HIGH,265,146,84,35,0,230,0.6347826086956522,0.3652173913043478,0.26956521739130435,2.0416666666666665,-1.0,270.0
BRF2-001,avg_cross_asset_corr_24h,Discovery,LOW,122,56,52,14,0,108,0.5185185185185185,0.48148148148148145,0.037037037037037035,1.2982723577235773,-1.4331590370955012,442.5
BRF2-001,avg_cross_asset_corr_24h,Discovery,MID,85,39,37,9,0,76,0.5131578947368421,0.4868421052631579,0.02631578947368421,1.2894736842105263,-1.0849056603773584,337.5
BRF2-001,avg_cross_asset_corr_24h,Discovery,HIGH,91,50,34,7,0,84,0.5952380952380952,0.40476190476190477,0.19047619047619047,2.804878048780488,-1.2666666666666666,262.5
BRF2-001,avg_cross_asset_corr_24h,Holdout,LOW,17,7,10,0,0,17,0.4117647058823529,0.5882352941176471,-0.17647058823529413,0.9748427672955974,-16.666666666666664,120.0
BRF2-001,avg_cross_asset_corr_24h,Holdout,MID,20,4,15,1,0,19,0.21052631578947367,0.7894736842105263,-0.5789473684210527,0.6603813559322034,-7.458974358974359,690.0
BRF2-001,avg_cross_asset_corr_24h,Holdout,HIGH,278,145,109,24,0,254,0.5708661417322834,0.42913385826771655,0.14173228346456693,2.251552795031056,-1.5144927536231885,262.5
BRF2-001,avg_cross_asset_corr_24h,Full,LOW,139,63,62,14,0,125,0.504,0.496,0.008,1.2903225806451613,-1.5744680851063828,405.0
BRF2-001,avg_cross_asset_corr_24h,Full,MID,105,43,52,10,0,95,0.45263157894736844,0.5473684210526316,-0.09473684210526316,0.9666666666666666,-1.3969072164948453,375.0
BRF2-001,avg_cross_asset_corr_24h,Full,HIGH,369,195,143,31,0,338,0.5769230769230769,0.4230769230769231,0.15384615384615385,2.367816091954023,-1.4391891891891893,262.5
BRF2-001,market_breadth_24h,Discovery,LOW,132,52,60,20,0,112,0.4642857142857143,0.5357142857142857,-0.07142857142857142,1.1265966659450095,-1.5,405.0
BRF2-001,market_breadth_24h,Discovery,MID,80,33,41,6,0,74,0.44594594594594594,0.5540540540540541,-0.10810810810810811,1.559158374093439,-1.4321669736034375,270.0
BRF2-001,market_breadth_24h,Discovery,HIGH,86,60,22,4,0,82,0.7317073170731707,0.2682926829268293,0.4634146341463415,2.170938215102975,-0.8366370471633628,292.5
BRF2-001,market_breadth_24h,Holdout,LOW,135,64,50,21,0,114,0.5614035087719298,0.43859649122807015,0.12280701754385964,1.411504424778761,-1.5289855072463767,382.5
BRF2-001,market_breadth_24h,Holdout,MID,68,34,33,1,0,67,0.5074626865671642,0.4925373134328358,0.014925373134328358,1.8785714285714286,-2.5021929824561404,315.0
BRF2-001,market_breadth_24h,Holdout,HIGH,112,58,51,3,0,109,0.5321100917431193,0.46788990825688076,0.06422018348623854,3.566190785204413,-1.4198347107438016,165.0
BRF2-001,market_breadth_24h,Full,LOW,267,116,110,41,0,226,0.5132743362831859,0.48672566371681414,0.02654867256637168,1.2277227722772277,-1.5238095238095237,405.0
BRF2-001,market_breadth_24h,Full,MID,148,67,74,7,0,141,0.475177304964539,0.524822695035461,-0.04964539007092199,1.8297101449275361,-1.9350171886936596,300.0
BRF2-001,market_breadth_24h,Full,HIGH,198,118,73,7,0,191,0.6178010471204188,0.38219895287958117,0.2356020942408377,2.857357057177129,-1.194430443548387,180.0
BRF2-001,market_rv_24h,Discovery,LOW,102,53,41,8,0,94,0.5638297872340425,0.43617021276595747,0.1276595744680851,1.6738861386138613,-1.4661172161172162,405.0
BRF2-001,market_rv_24h,Discovery,MID,105,42,54,9,0,96,0.4375,0.5625,-0.125,1.2758620689655171,-1.4390243902439024,300.0
BRF2-001,market_rv_24h,Discovery,HIGH,91,50,28,13,0,78,0.6410256410256411,0.358974358974359,0.28205128205128205,1.7307692307692308,-0.9428571428571428,315.0
BRF2-001,market_rv_24h,Holdout,LOW,35,10,24,1,0,34,0.29411764705882354,0.7058823529411765,-0.4117647058823529,1.7,-3.1572327044025155,142.5
BRF2-001,market_rv_24h,Holdout,MID,39,21,17,1,0,38,0.5526315789473685,0.4473684210526316,0.10526315789473684,1.3670886075949369,-5.185393258426966,382.5
BRF2-001,market_rv_24h,Holdout,HIGH,241,125,93,23,0,218,0.573394495412844,0.42660550458715596,0.14678899082568808,2.0285714285714285,-1.294478527607362,270.0
BRF2-001,market_rv_24h,Full,LOW,137,63,65,9,0,128,0.4921875,0.5078125,-0.015625,1.7,-1.6666666666666665,322.5
BRF2-001,market_rv_24h,Full,MID,144,63,71,10,0,134,0.4701492537313433,0.5298507462686567,-0.05970149253731343,1.3333333333333333,-1.9366946778711487,352.5
BRF2-001,market_rv_24h,Full,HIGH,332,175,121,36,0,296,0.5912162162162162,0.40878378378378377,0.18243243243243243,1.9827991452991451,-1.192774193548387,270.0
BRF2-001,market_return_24h,Discovery,LOW,140,54,63,23,0,117,0.46153846153846156,0.5384615384615384,-0.07692307692307693,1.1825570423743352,-1.4015786082474226,450.0
BRF2-001,market_return_24h,Discovery,MID,72,32,38,2,0,70,0.45714285714285713,0.5428571428571428,-0.08571428571428572,1.4912967161559276,-1.6666666666666665,232.5
BRF2-001,market_return_24h,Discovery,HIGH,86,59,22,5,0,81,0.7283950617283951,0.2716049382716049,0.4567901234567901,2.170938215102975,-0.9112533692722371,285.0
BRF2-001,market_return_24h,Holdout,LOW,151,70,60,21,0,130,0.5384615384615384,0.46153846153846156,0.07692307692307693,1.407608695652174,-1.625,367.5
BRF2-001,market_return_24h,Holdout,MID,56,31,21,4,0,52,0.5961538461538461,0.40384615384615385,0.19230769230769232,1.8452380952380953,-2.2534722222222223,315.0
BRF2-001,market_return_24h,Holdout,HIGH,108,55,53,0,0,108,0.5092592592592593,0.49074074074074076,0.018518518518518517,3.567714930880652,-1.508901515151515,165.0
BRF2-001,market_return_24h,Full,LOW,291,124,123,44,0,247,0.5020242914979757,0.4979757085020243,0.004048582995951417,1.2152777777777777,-1.5238095238095237,405.0
BRF2-001,market_return_24h,Full,MID,128,63,59,6,0,122,0.5163934426229508,0.48360655737704916,0.03278688524590164,1.734702797202797,-1.9092068645640075,315.0
BRF2-001,market_return_24h,Full,HIGH,194,114,75,5,0,189,0.6031746031746031,0.3968253968253968,0.20634920634920634,2.857357057177129,-1.2621993127147766,195.0
CPM-RO-001,cross_sectional_dispersion_24h,Discovery,LOW,126,51,59,16,0,110,0.4636363636363636,0.5363636363636364,-0.07272727272727272,0.9611713883865782,-1.0956592386258124,570.0
CPM-RO-001,cross_sectional_dispersion_24h,Discovery,MID,125,38,38,49,0,76,0.5,0.5,0.0,0.6944444444444444,-0.7159090909090909,900.0
CPM-RO-001,cross_sectional_dispersion_24h,Discovery,HIGH,110,28,44,38,0,72,0.3888888888888889,0.6111111111111112,-0.2222222222222222,0.48521059874784356,-0.9045721874407133,1155.0
CPM-RO-001,cross_sectional_dispersion_24h,Holdout,LOW,64,35,20,9,0,55,0.6363636363636364,0.36363636363636365,0.2727272727272727,1.89270309770791,-0.7037337662337662,990.0
CPM-RO-001,cross_sectional_dispersion_24h,Holdout,MID,77,54,14,9,0,68,0.7941176470588235,0.20588235294117646,0.5882352941176471,2.9649805447470814,-0.4666666666666666,472.5
CPM-RO-001,cross_sectional_dispersion_24h,Holdout,HIGH,217,123,56,38,0,179,0.6871508379888268,0.3128491620111732,0.3743016759776536,1.635043362547607,-0.7145242070116861,660.0
CPM-RO-001,cross_sectional_dispersion_24h,Full,LOW,190,86,79,25,0,165,0.5212121212121212,0.47878787878787876,0.04242424242424243,1.181547619047619,-0.9613095238095237,690.0
CPM-RO-001,cross_sectional_dispersion_24h,Full,MID,202,92,52,58,0,144,0.6388888888888888,0.3611111111111111,0.2777777777777778,1.0051020408163265,-0.6133807098882723,645.0
CPM-RO-001,cross_sectional_dispersion_24h,Full,HIGH,327,151,100,76,0,251,0.601593625498008,0.398406374501992,0.20318725099601595,0.9868421052631579,-0.7855297157622739,765.0
CPM-RO-001,avg_cross_asset_corr_24h,Discovery,LOW,127,53,44,30,0,97,0.5463917525773195,0.4536082474226804,0.09278350515463918,0.9557522123893804,-0.85,615.0
CPM-RO-001,avg_cross_asset_corr_24h,Discovery,MID,81,24,32,25,0,56,0.42857142857142855,0.5714285714285714,-0.14285714285714285,0.5635179153094462,-0.861904761904762,517.5
CPM-RO-001,avg_cross_asset_corr_24h,Discovery,HIGH,153,40,65,48,0,105,0.38095238095238093,0.6190476190476191,-0.23809523809523808,0.5861075912913258,-0.7875210792580101,1110.0
CPM-RO-001,avg_cross_asset_corr_24h,Holdout,LOW,31,24,4,3,0,28,0.8571428571428571,0.14285714285714285,0.7142857142857143,4.97508896797153,-0.2439024390243902,367.5
CPM-RO-001,avg_cross_asset_corr_24h,Holdout,MID,30,26,4,0,0,30,0.8666666666666667,0.13333333333333333,0.7333333333333333,7.763028996865204,-0.3909623439514748,810.0
CPM-RO-001,avg_cross_asset_corr_24h,Holdout,HIGH,297,162,82,53,0,244,0.6639344262295082,0.3360655737704918,0.32786885245901637,1.400611620795107,-0.7145242070116861,772.5
CPM-RO-001,avg_cross_asset_corr_24h,Full,LOW,158,77,48,33,0,125,0.616,0.384,0.232,1.2085585585585585,-0.7551238738738738,495.0
CPM-RO-001,avg_cross_asset_corr_24h,Full,MID,111,50,36,25,0,86,0.5813953488372093,0.4186046511627907,0.16279069767441862,1.3245071233270973,-0.7705882352941176,547.5
CPM-RO-001,avg_cross_asset_corr_24h,Full,HIGH,450,202,147,101,0,349,0.5787965616045845,0.42120343839541546,0.15759312320916904,0.9627699924142611,-0.7465846994535519,855.0
CPM-RO-001,market_breadth_24h,Discovery,LOW,65,37,17,11,0,54,0.6851851851851852,0.3148148148148148,0.37037037037037035,1.5161290322580645,-0.543046357615894,427.5
CPM-RO-001,market_breadth_24h,Discovery,MID,104,28,51,25,0,79,0.35443037974683544,0.6455696202531646,-0.2911392405063291,0.582723853233047,-1.139880952380952,945.0
CPM-RO-001,market_breadth_24h,Discovery,HIGH,192,52,73,67,0,125,0.416,0.584,-0.168,0.6666666666666666,-0.7825953663557133,915.0
CPM-RO-001,market_breadth_24h,Holdout,LOW,27,11,9,7,0,20,0.55,0.45,0.1,0.9784172661870504,-0.8294117647058823,225.0
CPM-RO-001,market_breadth_24h,Holdout,MID,42,28,8,6,0,36,0.7777777777777778,0.2222222222222222,0.5555555555555556,2.3765632131446828,-0.6890046217057447,1207.5
CPM-RO-001,market_breadth_24h,Holdout,HIGH,289,173,73,43,0,246,0.7032520325203252,0.2967479674796748,0.4065040650406504,1.900804289544236,-0.6280193236714975,637.5
CPM-RO-001,market_breadth_24h,Full,LOW,92,48,26,18,0,74,0.6486486486486487,0.35135135135135137,0.2972972972972973,1.444004914004914,-0.7402302051424858,360.0
CPM-RO-001,market_breadth_24h,Full,MID,146,56,59,31,0,115,0.48695652173913045,0.5130434782608696,-0.02608695652173913,0.7998384838755954,-0.9122672806871375,1095.0
CPM-RO-001,market_breadth_24h,Full,HIGH,481,225,146,110,0,371,0.6064690026954178,0.3935309973045822,0.21293800539083557,1.0566037735849056,-0.7145242070116861,720.0
CPM-RO-001,market_rv_24h,Discovery,LOW,116,44,48,24,0,92,0.4782608695652174,0.5217391304347826,-0.043478260869565216,0.7824917137843634,-0.9688407415680143,487.5
CPM-RO-001,market_rv_24h,Discovery,MID,122,35,47,40,0,82,0.4268292682926829,0.573170731707317,-0.14634146341463414,0.702485380116959,-0.8296345348462612,937.5
CPM-RO-001,market_rv_24h,Discovery,HIGH,123,38,46,39,0,84,0.4523809523809524,0.5476190476190477,-0.09523809523809523,0.5928571428571427,-0.7625,1185.0
CPM-RO-001,market_rv_24h,Holdout,LOW,60,35,18,7,0,53,0.660377358490566,0.33962264150943394,0.32075471698113206,3.5488721804511276,-0.7378481231620826,480.0
CPM-RO-001,market_rv_24h,Holdout,MID,36,27,7,2,0,34,0.7941176470588235,0.20588235294117646,0.5882352941176471,2.511904761904762,-0.6100404051418117,1522.5
CPM-RO-001,market_rv_24h,Holdout,HIGH,262,150,65,47,0,215,0.6976744186046512,0.3023255813953488,0.3953488372093023,1.734375,-0.6905576520087751,645.0
CPM-RO-001,market_rv_24h,Full,LOW,176,79,66,31,0,145,0.5448275862068965,0.45517241379310347,0.0896551724137931,1.2009169884169884,-0.8597603279722486,480.0
CPM-RO-001,market_rv_24h,Full,MID,158,62,54,42,0,116,0.5344827586206896,0.46551724137931033,0.06896551724137931,0.8900882200311364,-0.7037337662337662,1200.0
CPM-RO-001,market_rv_24h,Full,HIGH,385,188,111,86,0,299,0.6287625418060201,0.3712374581939799,0.25752508361204013,1.0866081060255817,-0.7030995106035889,765.0
CPM-RO-001,market_return_24h,Discovery,LOW,64,30,21,13,0,51,0.5882352941176471,0.4117647058823529,0.17647058823529413,1.0776530447423678,-0.8087837837837838,435.0
CPM-RO-001,market_return_24h,Discovery,MID,116,39,57,20,0,96,0.40625,0.59375,-0.1875,0.6934662236987819,-1.14258658008658,600.0
CPM-RO-001,market_return_24h,Discovery,HIGH,181,48,63,70,0,111,0.43243243243243246,0.5675675675675675,-0.13513513513513514,0.6464088397790055,-0.7625,1095.0
CPM-RO-001,market_return_24h,Holdout,LOW,35,20,8,7,0,28,0.7142857142857143,0.2857142857142857,0.42857142857142855,2.0609756097560976,-0.7212543554006968,330.0
CPM-RO-001,market_return_24h,Holdout,MID,39,23,11,5,0,34,0.6764705882352942,0.3235294117647059,0.35294117647058826,1.4233278955954325,-0.6931818181818181,1305.0
CPM-RO-001,market_return_24h,Holdout,HIGH,284,169,71,44,0,240,0.7041666666666667,0.29583333333333334,0.4083333333333333,1.9307777327054563,-0.6304275722835099,630.0
CPM-RO-001,market_return_24h,Full,LOW,99,50,29,20,0,79,0.6329113924050633,0.3670886075949367,0.26582278481012656,1.469090909090909,-0.7644110275689223,420.0
CPM-RO-001,market_return_24h,Full,MID,155,62,68,25,0,130,0.47692307692307695,0.5230769230769231,-0.046153846153846156,0.9192399049881236,-0.9878048780487804,892.5
CPM-RO-001,market_return_24h,Full,HIGH,465,217,134,114,0,351,0.6182336182336182,0.3817663817663818,0.23646723646723647,1.0337078651685392,-0.7030995106035889,750.0
CPM-RO-001,directional_efficiency_24h,Discovery,LOW,118,43,57,18,0,100,0.43,0.57,-0.14,0.7667144555563326,-1.1519909688013135,600.0
CPM-RO-001,directional_efficiency_24h,Discovery,MID,100,28,47,25,0,75,0.37333333333333335,0.6266666666666667,-0.25333333333333335,0.692959042797975,-0.8983333333333333,585.0
CPM-RO-001,directional_efficiency_24h,Discovery,HIGH,143,46,37,60,0,83,0.5542168674698795,0.4457831325301205,0.10843373493975904,0.6543209876543209,-0.6684073107049608,1260.0
CPM-RO-001,directional_efficiency_24h,Holdout,LOW,81,37,28,16,0,65,0.5692307692307692,0.4307692307692308,0.13846153846153847,1.1,-0.9642857142857142,855.0
CPM-RO-001,directional_efficiency_24h,Holdout,MID,76,37,28,11,0,65,0.5692307692307692,0.4307692307692308,0.13846153846153847,1.4093653425022001,-0.9295784249563699,570.0
CPM-RO-001,directional_efficiency_24h,Holdout,HIGH,201,138,34,29,0,172,0.8023255813953488,0.19767441860465115,0.6046511627906976,2.3200992555831266,-0.3669125395152792,675.0
CPM-RO-001,directional_efficiency_24h,Full,LOW,199,80,85,34,0,165,0.48484848484848486,0.5151515151515151,-0.030303030303030304,0.9784172661870504,-1.0575079872204471,645.0
CPM-RO-001,directional_efficiency_24h,Full,MID,176,65,75,36,0,140,0.4642857142857143,0.5357142857142857,-0.07142857142857142,0.8361629881154499,-0.9088541666666666,577.5
CPM-RO-001,directional_efficiency_24h,Full,HIGH,344,184,71,89,0,255,0.7215686274509804,0.2784313725490196,0.44313725490196076,1.2325179804884994,-0.5727549018394702,795.0
MI-001,cross_sectional_dispersion_24h,Discovery,LOW,9,3,3,3,0,6,0.5,0.5,0.0,0.6330275229357798,-0.5977011494252873,1912.5
MI-001,cross_sectional_dispersion_24h,Discovery,MID,13,6,4,3,0,10,0.6,0.4,0.2,0.88,-0.8275862068965517,817.5
MI-001,cross_sectional_dispersion_24h,Discovery,HIGH,11,1,7,3,0,8,0.125,0.875,-0.75,0.2276785714285714,-1.2784313725490195,1582.5
MI-001,cross_sectional_dispersion_24h,Holdout,LOW,3,2,1,0,0,3,0.6666666666666666,0.3333333333333333,0.3333333333333333,1.255681818181818,-0.6107954545454545,2145.0
MI-001,cross_sectional_dispersion_24h,Holdout,MID,4,4,0,0,0,4,1.0,0.0,1.0,1.8883399209486167,-0.5141511735714633,810.0
MI-001,cross_sectional_dispersion_24h,Holdout,HIGH,34,14,18,2,0,32,0.4375,0.5625,-0.125,1.7784225863796395,-1.24120082815735,645.0
MI-001,cross_sectional_dispersion_24h,Full,LOW,12,5,4,3,0,9,0.5555555555555556,0.4444444444444444,0.1111111111111111,0.6839836409859621,-0.5988505747126436,1935.0
MI-001,cross_sectional_dispersion_24h,Full,MID,17,10,4,3,0,14,0.7142857142857143,0.2857142857142857,0.42857142857142855,1.271186440677966,-0.7160493827160493,817.5
MI-001,cross_sectional_dispersion_24h,Full,HIGH,45,15,25,5,0,40,0.375,0.625,-0.25,0.7818181818181817,-1.25879917184265,705.0
MI-001,avg_cross_asset_corr_24h,Discovery,LOW,11,2,3,6,0,5,0.4,0.6,-0.2,0.6330275229357798,-0.5389610389610389,2070.0
MI-001,avg_cross_asset_corr_24h,Discovery,MID,8,2,6,0,0,8,0.25,0.75,-0.5,0.25054466230936817,-1.3429193899782135,1350.0
MI-001,avg_cross_asset_corr_24h,Discovery,HIGH,14,6,5,3,0,11,0.5454545454545454,0.45454545454545453,0.09090909090909091,0.717150225660864,-0.651063829787234,1500.0
MI-001,avg_cross_asset_corr_24h,Holdout,LOW,2,2,0,0,0,2,1.0,0.0,1.0,2.4812891849529777,-0.42896094566353177,1560.0
MI-001,avg_cross_asset_corr_24h,Holdout,MID,1,1,0,0,0,1,1.0,0.0,1.0,2.0869565217391304,-0.717391304347826,1395.0
MI-001,avg_cross_asset_corr_24h,Holdout,HIGH,38,17,19,2,0,36,0.4722222222222222,0.5277777777777778,-0.05555555555555555,1.6336815358554488,-1.17198642742121,705.0
MI-001,avg_cross_asset_corr_24h,Full,LOW,13,4,3,6,0,7,0.5714285714285714,0.42857142857142855,0.14285714285714285,0.7349397590361445,-0.5389610389610389,2070.0
MI-001,avg_cross_asset_corr_24h,Full,MID,9,3,6,0,0,9,0.3333333333333333,0.6666666666666666,-0.3333333333333333,0.3529411764705882,-1.2784313725490195,1395.0
MI-001,avg_cross_asset_corr_24h,Full,HIGH,52,23,24,5,0,47,0.48936170212765956,0.5106382978723404,-0.02127659574468085,1.2444015104944235,-1.0058708414872797,735.0
MI-001,market_breadth_24h,Discovery,LOW,10,4,4,2,0,8,0.5,0.5,0.0,0.8974688796680498,-0.9591666666666665,982.5
MI-001,market_breadth_24h,Discovery,MID,8,2,3,3,0,5,0.4,0.6,-0.2,0.6937110142698453,-0.7955082742316784,1935.0
MI-001,market_breadth_24h,Discovery,HIGH,15,4,7,4,0,11,0.36363636363636365,0.6363636363636364,-0.2727272727272727,0.5747126436781609,-0.6,1665.0
MI-001,market_breadth_24h,Holdout,LOW,2,1,1,0,0,2,0.5,0.5,0.0,2.2101449275362315,-1.0452628163530173,870.0
MI-001,market_breadth_24h,Holdout,MID,7,1,5,1,0,6,0.16666666666666666,0.8333333333333334,-0.6666666666666666,0.7254901960784313,-1.4054054054054055,667.5
MI-001,market_breadth_24h,Holdout,HIGH,32,18,13,1,0,31,0.5806451612903226,0.41935483870967744,0.16129032258064516,1.8344643706822934,-0.9137420400561527,735.0
MI-001,market_breadth_24h,Full,LOW,12,5,5,2,0,10,0.5,0.5,0.0,1.0512188796680497,-0.9591666666666665,930.0
MI-001,market_breadth_24h,Full,MID,15,3,8,4,0,11,0.2727272727272727,0.7272727272727273,-0.45454545454545453,0.7254901960784313,-1.0,780.0
MI-001,market_breadth_24h,Full,HIGH,47,22,20,5,0,42,0.5238095238095238,0.47619047619047616,0.047619047619047616,1.2176165803108807,-0.8157423971377459,780.0
MI-001,market_rv_24h,Discovery,LOW,6,2,3,1,0,5,0.4,0.6,-0.2,0.6931277742549143,-0.9504685408299867,2025.0
MI-001,market_rv_24h,Discovery,MID,16,3,7,6,0,10,0.3,0.7,-0.4,0.5048887893715479,-0.7788505747126436,1177.5
MI-001,market_rv_24h,Discovery,HIGH,11,5,4,2,0,9,0.5555555555555556,0.4444444444444444,0.1111111111111111,0.7818181818181817,-0.8275862068965517,1500.0
MI-001,market_rv_24h,Holdout,LOW,2,2,0,0,0,2,1.0,0.0,1.0,2.4812891849529777,-0.42896094566353177,1560.0
MI-001,market_rv_24h,Holdout,MID,2,1,1,0,0,2,0.5,0.5,0.0,1.3434782608695652,-1.098695652173913,1770.0
MI-001,market_rv_24h,Holdout,HIGH,37,17,18,2,0,35,0.4857142857142857,0.5142857142857142,-0.02857142857142857,1.6897233201581028,-1.1203703703703705,675.0
MI-001,market_rv_24h,Full,LOW,8,4,3,1,0,7,0.5714285714285714,0.42857142857142855,0.14285714285714285,0.9953107886089811,-0.7498421717171717,2025.0
MI-001,market_rv_24h,Full,MID,18,4,8,6,0,12,0.3333333333333333,0.6666666666666666,-0.3333333333333333,0.5873563218390805,-0.8386956521739131,1642.5
MI-001,market_rv_24h,Full,HIGH,48,22,22,4,0,44,0.5,0.5,0.0,1.5048692584924468,-1.022931208941348,705.0
MI-001,market_return_24h,Discovery,LOW,10,4,4,2,0,8,0.5,0.5,0.0,0.8974688796680498,-0.9591666666666665,982.5
MI-001,market_return_24h,Discovery,MID,5,2,1,2,0,3,0.6666666666666666,0.3333333333333333,0.3333333333333333,0.7349397590361445,-0.702127659574468,825.0
MI-001,market_return_24h,Discovery,HIGH,18,4,9,5,0,13,0.3076923076923077,0.6923076923076923,-0.38461538461538464,0.5048887893715479,-0.8,1890.0
MI-001,market_return_24h,Holdout,LOW,3,1,2,0,0,3,0.3333333333333333,0.6666666666666666,-0.3333333333333333,2.333333333333333,-1.3731343283582087,345.0
MI-001,market_return_24h,Holdout,MID,4,1,3,0,0,4,0.25,0.75,-0.5,1.0888198757763974,-1.3709090909090909,697.5
MI-001,market_return_24h,Holdout,HIGH,34,18,14,2,0,32,0.5625,0.4375,0.125,1.5609110427951007,-0.9907545624175124,735.0
MI-001,market_return_24h,Full,LOW,13,5,6,2,0,11,0.45454545454545453,0.5454545454545454,-0.09090909090909091,1.1875,-0.96,465.0
MI-001,market_return_24h,Full,MID,9,3,4,2,0,7,0.42857142857142855,0.5714285714285714,-0.14285714285714285,0.7349397590361445,-0.8888888888888888,780.0
MI-001,market_return_24h,Full,HIGH,52,22,23,7,0,45,0.4888888888888889,0.5111111111111111,-0.022222222222222223,0.7816067653276955,-0.9848837209302326,810.0
MPG-001,cross_sectional_dispersion_24h,Discovery,LOW,10,5,4,1,0,9,0.5555555555555556,0.4444444444444444,0.1111111111111111,0.9115774482700845,-0.6323699421965318,1395.0
MPG-001,cross_sectional_dispersion_24h,Discovery,MID,15,7,6,2,0,13,0.5384615384615384,0.46153846153846156,0.07692307692307693,1.5523809523809524,-0.91,765.0
MPG-001,cross_sectional_dispersion_24h,Discovery,HIGH,11,2,5,4,0,7,0.2857142857142857,0.7142857142857143,-0.42857142857142855,0.9402985074626864,-0.7557603686635944,1245.0
MPG-001,cross_sectional_dispersion_24h,Holdout,LOW,3,2,1,0,0,3,0.6666666666666666,0.3333333333333333,0.3333333333333333,3.2547528517110265,-0.356461503520327,915.0
MPG-001,cross_sectional_dispersion_24h,Holdout,MID,4,2,1,1,0,3,0.6666666666666666,0.3333333333333333,0.3333333333333333,1.3839484923822274,-0.39471639471639464,75.0
MPG-001,cross_sectional_dispersion_24h,Holdout,HIGH,27,19,7,1,0,26,0.7307692307692307,0.2692307692307692,0.46153846153846156,1.5934065934065933,-0.6041666666666666,390.0
MPG-001,cross_sectional_dispersion_24h,Full,LOW,13,7,5,1,0,12,0.5833333333333334,0.4166666666666667,0.16666666666666666,1.0115606936416184,-0.6,1312.5
MPG-001,cross_sectional_dispersion_24h,Full,MID,19,9,7,3,0,16,0.5625,0.4375,0.125,1.4716006884681585,-0.4747474747474747,607.5
MPG-001,cross_sectional_dispersion_24h,Full,HIGH,38,21,12,5,0,33,0.6363636363636364,0.36363636363636365,0.2727272727272727,1.1648543199832706,-0.7095322153574581,495.0
MPG-001,avg_cross_asset_corr_24h,Discovery,LOW,11,6,5,0,0,11,0.5454545454545454,0.45454545454545453,0.09090909090909091,1.5644171779141105,-0.91,1110.0
MPG-001,avg_cross_asset_corr_24h,Discovery,MID,9,2,6,1,0,8,0.25,0.75,-0.5,0.588235294117647,-1.1538461538461537,870.0
MPG-001,avg_cross_asset_corr_24h,Discovery,HIGH,16,6,4,6,0,10,0.6,0.4,0.2,0.9261492537313432,-0.39558023834316786,1770.0
MPG-001,avg_cross_asset_corr_24h,Holdout,LOW,0,0,0,0,0,0,,,,,,
MPG-001,avg_cross_asset_corr_24h,Holdout,MID,1,0,1,0,0,1,0.0,1.0,-1.0,0.25,-3.5357142857142856,915.0
MPG-001,avg_cross_asset_corr_24h,Holdout,HIGH,33,23,8,2,0,31,0.7419354838709677,0.25806451612903225,0.4838709677419355,1.5934065934065933,-0.5273311897106109,405.0
MPG-001,avg_cross_asset_corr_24h,Full,LOW,11,6,5,0,0,11,0.5454545454545454,0.45454545454545453,0.09090909090909091,1.5644171779141105,-0.91,1110.0
MPG-001,avg_cross_asset_corr_24h,Full,MID,10,2,7,1,0,9,0.2222222222222222,0.7777777777777778,-0.5555555555555556,0.5441176470588235,-1.2010610079575597,915.0
MPG-001,avg_cross_asset_corr_24h,Full,HIGH,49,29,12,8,0,41,0.7073170731707317,0.2926829268292683,0.4146341463414634,1.191135734072022,-0.4747474747474747,495.0
MPG-001,market_breadth_24h,Discovery,LOW,11,6,4,1,0,10,0.6,0.4,0.2,1.7096774193548387,-0.6,1065.0
MPG-001,market_breadth_24h,Discovery,MID,7,2,5,0,0,7,0.2857142857142857,0.7142857142857143,-0.42857142857142855,0.8115942028985507,-1.7916666666666665,1500.0
MPG-001,market_breadth_24h,Discovery,HIGH,18,6,6,6,0,12,0.5,0.5,0.0,0.8831927319922128,-0.6964476120994444,1125.0
MPG-001,market_breadth_24h,Holdout,LOW,2,0,2,0,0,2,0.0,1.0,-1.0,2.157258064516129,-3.203341013824885,495.0
MPG-001,market_breadth_24h,Holdout,MID,8,4,3,1,0,7,0.5714285714285714,0.42857142857142855,0.14285714285714285,1.046616818084962,-0.7471536884739818,615.0
MPG-001,market_breadth_24h,Holdout,HIGH,24,19,4,1,0,23,0.8260869565217391,0.17391304347826086,0.6521739130434783,1.9257085561497327,-0.487301958491669,405.0
MPG-001,market_breadth_24h,Full,LOW,13,6,6,1,0,12,0.5,0.5,0.0,1.7096774193548387,-0.7557603686635944,900.0
MPG-001,market_breadth_24h,Full,MID,15,6,8,1,0,14,0.42857142857142855,0.5714285714285714,-0.14285714285714285,0.902097902097902,-1.0434782608695652,1230.0
MPG-001,market_breadth_24h,Full,HIGH,42,25,10,7,0,35,0.7142857142857143,0.2857142857142857,0.42857142857142855,1.3342045995532281,-0.5515776827673933,525.0
MPG-001,market_rv_24h,Discovery,LOW,12,4,7,1,0,11,0.36363636363636365,0.6363636363636364,-0.2727272727272727,2.0376470588235294,-1.0805626598465472,780.0
MPG-001,market_rv_24h,Discovery,MID,11,4,5,2,0,9,0.4444444444444444,0.5555555555555556,-0.1111111111111111,0.684931506849315,-0.6647398843930635,1575.0
MPG-001,market_rv_24h,Discovery,HIGH,13,6,3,4,0,9,0.6666666666666666,0.3333333333333333,0.3333333333333333,1.1968085106382977,-0.3457446808510638,885.0
MPG-001,market_rv_24h,Holdout,LOW,3,2,1,0,0,3,0.6666666666666666,0.3333333333333333,0.3333333333333333,2.138181818181818,-0.5273311897106109,495.0
MPG-001,market_rv_24h,Holdout,MID,2,2,0,0,0,2,1.0,0.0,1.0,4.292558395499572,-0.4661428396722514,2557.5
MPG-001,market_rv_24h,Holdout,HIGH,29,19,8,2,0,27,0.7037037037037037,0.2962962962962963,0.4074074074074074,1.4716006884681585,-0.6041666666666666,315.0
MPG-001,market_rv_24h,Full,LOW,15,6,8,1,0,14,0.42857142857142855,0.5714285714285714,-0.14285714285714285,2.138181818181818,-1.0434782608695652,772.5
MPG-001,market_rv_24h,Full,MID,13,6,5,2,0,11,0.5454545454545454,0.45454545454545453,0.09090909090909091,0.8115942028985507,-0.6,1860.0
MPG-001,market_rv_24h,Full,HIGH,42,25,11,6,0,36,0.6944444444444444,0.3055555555555556,0.3888888888888889,1.3839484923822274,-0.431403588120006,472.5
MPG-001,market_return_24h,Discovery,LOW,11,5,5,1,0,10,0.5,0.5,0.0,1.1108312342569269,-0.7557603686635944,1410.0
MPG-001,market_return_24h,Discovery,MID,8,3,5,0,0,8,0.375,0.625,-0.25,0.9548167092924125,-1.4175724637681157,1177.5
MPG-001,market_return_24h,Discovery,HIGH,17,6,5,6,0,11,0.5454545454545454,0.45454545454545453,0.09090909090909091,0.9402985074626864,-0.6647398843930635,1110.0
MPG-001,market_return_24h,Holdout,LOW,3,1,2,0,0,3,0.3333333333333333,0.6666666666666666,-0.3333333333333333,1.191135734072022,-2.870967741935484,75.0
MPG-001,market_return_24h,Holdout,MID,3,2,0,1,0,2,1.0,0.0,1.0,3.2547528517110265,-0.3146853146853146,1620.0
MPG-001,market_return_24h,Holdout,HIGH,28,20,7,1,0,27,0.7407407407407407,0.25925925925925924,0.48148148148148145,1.5597401065192475,-0.5515776827673933,405.0
MPG-001,market_return_24h,Full,LOW,14,6,7,1,0,13,0.46153846153846156,0.5384615384615384,-0.07692307692307693,1.1509834841644744,-1.1176470588235294,915.0
MPG-001,market_return_24h,Full,MID,11,5,5,1,0,10,0.5,0.5,0.0,1.0980392156862744,-0.3583815028901734,1177.5
MPG-001,market_return_24h,Full,HIGH,45,26,12,7,0,38,0.6842105263157895,0.3157894736842105,0.3684210526315789,1.1968085106382977,-0.5758241758241758,510.0
