ticket_reference_digest,strategy,symbol,signal_path_label,actual_entry_path_label,execution_anchor_delta_signal_r
sha256:307c3a8d7bc028c11df393d780a951cd4a212f127d0d69cfa66ef7d343d8ed48,CPM-RO-001,BNBUSDT,SIGNAL_STOP_FIRST,SIGNAL_STOP_FIRST,-0.0006963788300835655
sha256:b3f30f4c2363e84d8e389ac9b36978869942d5c9962c8f0bd126ae5ccad773e1,CPM-RO-001,DOGEUSDT,SIGNAL_STOP_FIRST,SIGNAL_STOP_FIRST,-0.07142857142857142
sha256:6d101fd313020739d90cde875d265079547610affdd854c2b751a830d26f6645,CPM-RO-001,BNBUSDT,SIGNAL_TP1_FIRST,SIGNAL_TP1_FIRST,0.012924071082390954
sha256:82b6e294077c3da134f09c7fec834ca80aa93aa94117b1395d881b042e79a2a6,BRF2-001,XRPUSDT,NEITHER,SIGNAL_TP1_FIRST,-0.03773584905660377
sha256:0f25ce5e999d80b50f0a227588de96572c2da5a411159af64a9404148933fa50,CPM-RO-001,BTCUSDT,SIGNAL_TP1_FIRST,SIGNAL_TP1_FIRST,0.08165019338203695
sha256:37c555b7f5685178744eb5589ad2b72019529ea38525d78f807968e281cf4765,CPM-RO-001,BTCUSDT,NEITHER,NEITHER,0.01727566492667164
sha256:d6bee4941b81131ef739042e1b66f1fce3e737f044b92c0033f498e86a1a269b,BRF2-001,SOLUSDT,SIGNAL_STOP_FIRST,SIGNAL_STOP_FIRST,0.1346153846153846
sha256:8abdfb92314094978d4dac7ae05e936352ebc4257733514dbabd32679bdbf465,BRF2-001,ADAUSDT,SIGNAL_TP1_FIRST,SIGNAL_TP1_FIRST,-0.03333333333333333
sha256:81ba7e4cf3900c2a0a357e663811f161a23985c6f0817cc3fee910aea0613f62,CPM-RO-001,SOLUSDT,SIGNAL_STOP_FIRST,SIGNAL_STOP_FIRST,0.014285714285714285
sha256:e69d4b8cd739dffbab83a5ba88986603443984619c084f934026079df79295a2,BRF2-001,ADAUSDT,SIGNAL_TP1_FIRST,SIGNAL_TP1_FIRST,0.0
sha256:ee1a50afde938cca4c816ebdeebff2523b4da59125c673c6471ac8150f72370d,CPM-RO-001,BNBUSDT,SIGNAL_TP1_FIRST,SIGNAL_TP1_FIRST,0.04580152671755725
sha256:47fdb18239882411ed962c2b90e54457edc08ab8d00851f0716a522427713ede,BRF2-001,DOGEUSDT,SIGNAL_TP1_FIRST,SIGNAL_TP1_FIRST,0.05952380952380952
sha256:136e37b31a09ddae517489427b0c77cb1c9033ae1c357b19e166dff01a280f20,CPM-RO-001,SOLUSDT,SIGNAL_STOP_FIRST,SIGNAL_STOP_FIRST,0.0
sha256:98b82183c8fa804f385d0c69d506c3ef4e6f4f33a9f9a37dc2f433edcf29d3a3,CPM-RO-001,BNBUSDT,SIGNAL_STOP_FIRST,SIGNAL_STOP_FIRST,0.02490170380078637
sha256:145c2fb702395bb1cc2846b9e2c137bca715ac4e176fe1213edd7c13b82a2f7b,BRF2-001,ADAUSDT,SIGNAL_TP1_FIRST,SIGNAL_TP1_FIRST,0.13636363636363635
sha256:6e8b74dadeae1ad6b50c14ee6bc3ddf4944067615e7ce4d26c271abb8246f2d9,CPM-RO-001,BTCUSDT,SIGNAL_TP1_FIRST,SIGNAL_TP1_FIRST,-0.008782483156881618
sha256:0725f9764b1cb37a2bbfffa9b4743d1a614aa6f1025ea9407417402e01196998,BRF2-001,ADAUSDT,SIGNAL_STOP_FIRST,SIGNAL_STOP_FIRST,0.0
sha256:391ed5fb5e523081e099a8f2d1f0b7fac2662653db118784dd8f5f20ec5b1e3c,BRF2-001,ADAUSDT,SIGNAL_TP1_FIRST,SIGNAL_TP1_FIRST,0.0
sha256:e8d7096890afa92f9ea46549e065b3032954b8dcedc20ed3ca00bc471402fae2,CPM-RO-001,SOLUSDT,SIGNAL_TP1_FIRST,SIGNAL_TP1_FIRST,-0.12222222222222222
sha256:17305adbe377a57c07f95e3084ec3e082209a60494915d9fc59baab883c11f5f,BRF2-001,ADAUSDT,SIGNAL_STOP_FIRST,SIGNAL_STOP_FIRST,0.0
sha256:e196bef4186ef30e9df3b4106061bebffe19bdde0fb1ddc1203516c9c6afc11f,CPM-RO-001,ETHUSDT,SIGNAL_TP1_FIRST,SIGNAL_TP1_FIRST,0.08778901734104046
sha256:b3ef5b78caf545104266ff866bc02b248b798bdb40936f57de4765bd84bbd9c3,MPG-001,XRPUSDT,SIGNAL_TP1_FIRST,SIGNAL_TP1_FIRST,-0.04212454212454213
sha256:481df56577c2cfdbac1461c0d39682656dfc97a73ece048e4388779759998b7d,BRF2-001,ADAUSDT,SIGNAL_TP1_FIRST,SIGNAL_TP1_FIRST,0.07317073170731707
sha256:91930b71762e20780ea67846858bfebd9e2ccd043faef34065c951e5e7486c50,CPM-RO-001,ETHUSDT,SIGNAL_TP1_FIRST,SIGNAL_STOP_FIRST,0.07474187085837572
sha256:dee341a9c9c790ff5677f5eb7e769eb69f9351bc29fb2762c892f7b3c1359cef,BRF2-001,ETHUSDT,SIGNAL_STOP_FIRST,SIGNAL_STOP_FIRST,-0.07860652076820009
sha256:3e5889409cb8ba837f9df983bea2e79d9ef078b0a6616552fbc4795ccdcd7722,BRF2-001,DOGEUSDT,SIGNAL_TP1_FIRST,SIGNAL_TP1_FIRST,-0.016666666666666666
sha256:ee1cbeae4f3855fd62d8bc85472eeda827d3e647547b05f463c9301d20eb58b8,BRF2-001,ADAUSDT,SIGNAL_STOP_FIRST,SIGNAL_STOP_FIRST,0.07692307692307693
sha256:ad4e304ed7976063229426fdf4432b2937afe09db60675530ca46e20e39d8ac3,BRF2-001,DOGEUSDT,SIGNAL_STOP_FIRST,SIGNAL_STOP_FIRST,-0.15942028985507245
sha256:dbb8c5017065df8b3e678fbb4aac633ac2ffedfa0cb0a6d0b0d877886eae8138,BRF2-001,ADAUSDT,SIGNAL_TP1_FIRST,SIGNAL_TP1_FIRST,0.01098901098901099
sha256:dd57b9bdae20b91ffb5d8639a9b5f4c6e8e5f468274fb6e837263c61a4d9aeb0,BRF2-001,ADAUSDT,SIGNAL_STOP_FIRST,SIGNAL_STOP_FIRST,-0.041666666666666664
