strategy,feature,period,excluded_cluster,remaining_effect
BRF2-001,avg_cross_asset_corr_24h,Discovery,2026-07-31,0.37797619047619047
BRF2-001,avg_cross_asset_corr_24h,Discovery,2026-08-01,0.16134997688395747
BRF2-001,avg_cross_asset_corr_24h,Discovery,2026-08-02,0.20346929207688702
BRF2-001,avg_cross_asset_corr_24h,Discovery,2026-08-03,0.09122807017543859
BRF2-001,avg_cross_asset_corr_24h,Discovery,2026-08-04,0.17348927875243664
BRF2-001,avg_cross_asset_corr_24h,Discovery,2026-08-05,0.12288340590227383
BRF2-001,avg_cross_asset_corr_24h,Discovery,2026-08-06,0.14814814814814814
BRF2-001,avg_cross_asset_corr_24h,Discovery,2026-08-07,0.09956709956709955
BRF2-001,avg_cross_asset_corr_24h,Discovery,2026-08-08,0.14699792960662525
BRF2-001,avg_cross_asset_corr_24h,Discovery,2026-08-09,0.152014652014652
BRF2-001,avg_cross_asset_corr_24h,Discovery,2026-08-10,0.19373219373219375
BRF2-001,avg_cross_asset_corr_24h,Discovery,2026-08-11,0.17655677655677654
BRF2-001,avg_cross_asset_corr_24h,Discovery,2026-08-12,0.1275199249882794
BRF2-001,avg_cross_asset_corr_24h,Discovery,2026-08-13,0.1362962962962963
BRF2-001,avg_cross_asset_corr_24h,Discovery,2026-08-14,0.11073170731707319
BRF2-001,avg_cross_asset_corr_24h,Discovery,2026-08-15,0.1238095238095238
BRF2-001,avg_cross_asset_corr_24h,Holdout,2026-08-16,0.5417322834645669
BRF2-001,avg_cross_asset_corr_24h,Holdout,2026-08-17,0.31932773109243695
BRF2-001,avg_cross_asset_corr_24h,Holdout,2026-08-18,0.3240115718418515
BRF2-001,avg_cross_asset_corr_24h,Holdout,2026-08-19,0.013769363166953541
BRF2-001,avg_cross_asset_corr_24h,Holdout,2026-08-20,0.3238809468010312
BRF2-001,avg_cross_asset_corr_24h,Holdout,2026-08-25,0.2704876822523882
BRF2-001,avg_cross_asset_corr_24h,Holdout,2026-08-26,0.33808674985145576
BRF2-001,avg_cross_asset_corr_24h,Holdout,2026-08-27,0.4056372549019608
BRF2-001,avg_cross_asset_corr_24h,Holdout,2026-08-28,0.20843405855492883
BRF2-001,avg_cross_asset_corr_24h,Holdout,2026-08-29,0.3446121811556481
BRF2-001,avg_cross_asset_corr_24h,Holdout,2026-08-30,0.3254067584480601
BRF2-001,market_rv_24h,Discovery,2026-07-31,0.28205128205128205
BRF2-001,market_rv_24h,Discovery,2026-08-01,0.15561450044208663
BRF2-001,market_rv_24h,Discovery,2026-08-02,0.24356465452355863
BRF2-001,market_rv_24h,Discovery,2026-08-03,0.08205128205128204
BRF2-001,market_rv_24h,Discovery,2026-08-04,0.16001165840862722
BRF2-001,market_rv_24h,Discovery,2026-08-05,0.12987736900780378
BRF2-001,market_rv_24h,Discovery,2026-08-06,0.0976535541752933
BRF2-001,market_rv_24h,Discovery,2026-08-07,0.17139216310927047
BRF2-001,market_rv_24h,Discovery,2026-08-08,0.22253389434315102
BRF2-001,market_rv_24h,Discovery,2026-08-09,0.13598386632094497
BRF2-001,market_rv_24h,Discovery,2026-08-10,0.0821917808219178
BRF2-001,market_rv_24h,Discovery,2026-08-11,0.2459893048128342
BRF2-001,market_rv_24h,Discovery,2026-08-12,0.08973172987974098
BRF2-001,market_rv_24h,Discovery,2026-08-13,0.13704630788485608
BRF2-001,market_rv_24h,Discovery,2026-08-14,0.10993657505285409
BRF2-001,market_rv_24h,Discovery,2026-08-15,0.13454759106933023
BRF2-001,market_rv_24h,Holdout,2026-08-16,0.7467889908256881
BRF2-001,market_rv_24h,Holdout,2026-08-17,0.457133818411895
BRF2-001,market_rv_24h,Holdout,2026-08-18,0.5721420643729189
BRF2-001,market_rv_24h,Holdout,2026-08-19,0.5920221169036335
BRF2-001,market_rv_24h,Holdout,2026-08-20,0.5652530779753762
BRF2-001,market_rv_24h,Holdout,2026-08-25,0.5026737967914439
BRF2-001,market_rv_24h,Holdout,2026-08-26,0.5846042120551924
BRF2-001,market_rv_24h,Holdout,2026-08-27,0.6681749622926093
BRF2-001,market_rv_24h,Holdout,2026-08-28,0.42815814850530376
BRF2-001,market_rv_24h,Holdout,2026-08-29,0.6097342490295611
BRF2-001,market_rv_24h,Holdout,2026-08-30,0.4476190476190476
CPM-RO-001,avg_cross_asset_corr_24h,Discovery,2026-07-31,-0.3657548125633232
CPM-RO-001,avg_cross_asset_corr_24h,Discovery,2026-08-01,-0.23809523809523808
CPM-RO-001,avg_cross_asset_corr_24h,Discovery,2026-08-02,-0.4261168384879725
CPM-RO-001,avg_cross_asset_corr_24h,Discovery,2026-08-03,-0.3825111059153612
CPM-RO-001,avg_cross_asset_corr_24h,Discovery,2026-08-04,-0.33087874324987726
CPM-RO-001,avg_cross_asset_corr_24h,Discovery,2026-08-05,-0.328656462585034
CPM-RO-001,avg_cross_asset_corr_24h,Discovery,2026-08-06,-0.3453087576798917
CPM-RO-001,avg_cross_asset_corr_24h,Discovery,2026-08-07,-0.3333333333333333
CPM-RO-001,avg_cross_asset_corr_24h,Discovery,2026-08-08,-0.28034875922199864
CPM-RO-001,avg_cross_asset_corr_24h,Discovery,2026-08-09,-0.561624649859944
CPM-RO-001,avg_cross_asset_corr_24h,Discovery,2026-08-10,-0.270561282932417
CPM-RO-001,avg_cross_asset_corr_24h,Discovery,2026-08-11,-0.2611408199643494
CPM-RO-001,avg_cross_asset_corr_24h,Discovery,2026-08-12,-0.30490471727585133
CPM-RO-001,avg_cross_asset_corr_24h,Discovery,2026-08-13,-0.26925409338993334
CPM-RO-001,avg_cross_asset_corr_24h,Discovery,2026-08-14,-0.2945990180032733
CPM-RO-001,avg_cross_asset_corr_24h,Discovery,2026-08-15,-0.34226190476190477
CPM-RO-001,avg_cross_asset_corr_24h,Holdout,2026-08-16,-0.5121311475409835
CPM-RO-001,avg_cross_asset_corr_24h,Holdout,2026-08-17,-0.3686635944700461
CPM-RO-001,avg_cross_asset_corr_24h,Holdout,2026-08-18,-0.38918283362727807
CPM-RO-001,avg_cross_asset_corr_24h,Holdout,2026-08-19,0.57984496124031
CPM-RO-001,avg_cross_asset_corr_24h,Holdout,2026-08-20,-0.48064085447263016
CPM-RO-001,avg_cross_asset_corr_24h,Holdout,2026-08-21,-0.5467730239303843
CPM-RO-001,avg_cross_asset_corr_24h,Holdout,2026-08-22,-0.36134453781512604
CPM-RO-001,avg_cross_asset_corr_24h,Holdout,2026-08-23,-0.35064935064935066
CPM-RO-001,avg_cross_asset_corr_24h,Holdout,2026-08-24,-0.3631746031746032
CPM-RO-001,avg_cross_asset_corr_24h,Holdout,2026-08-25,-0.2920634920634921
CPM-RO-001,avg_cross_asset_corr_24h,Holdout,2026-08-26,-0.38918283362727807
CPM-RO-001,avg_cross_asset_corr_24h,Holdout,2026-08-27,-0.36363636363636365
CPM-RO-001,avg_cross_asset_corr_24h,Holdout,2026-08-28,-0.3414043583535109
CPM-RO-001,avg_cross_asset_corr_24h,Holdout,2026-08-29,-0.383741781231321
CPM-RO-001,avg_cross_asset_corr_24h,Holdout,2026-08-30,-0.3431066749844043
CPM-RO-001,directional_efficiency_24h,Discovery,2026-07-31,0.26195121951219513
CPM-RO-001,directional_efficiency_24h,Discovery,2026-08-01,0.2302294197031039
CPM-RO-001,directional_efficiency_24h,Discovery,2026-08-02,0.23109243697478993
CPM-RO-001,directional_efficiency_24h,Discovery,2026-08-03,0.32478632478632474
CPM-RO-001,directional_efficiency_24h,Discovery,2026-08-04,0.2156494522691706
CPM-RO-001,directional_efficiency_24h,Discovery,2026-08-05,0.2276595744680851
CPM-RO-001,directional_efficiency_24h,Discovery,2026-08-06,0.2847386393485684
CPM-RO-001,directional_efficiency_24h,Discovery,2026-08-07,0.24435883324160704
CPM-RO-001,directional_efficiency_24h,Discovery,2026-08-08,0.2772843594761403
CPM-RO-001,directional_efficiency_24h,Discovery,2026-08-09,0.33525660491952625
CPM-RO-001,directional_efficiency_24h,Discovery,2026-08-10,0.21335044929396663
CPM-RO-001,directional_efficiency_24h,Discovery,2026-08-11,0.18029115341545351
CPM-RO-001,directional_efficiency_24h,Discovery,2026-08-12,0.20584795321637428
CPM-RO-001,directional_efficiency_24h,Discovery,2026-08-13,0.17732884399551066
CPM-RO-001,directional_efficiency_24h,Discovery,2026-08-14,0.26480836236933797
CPM-RO-001,directional_efficiency_24h,Discovery,2026-08-15,0.29857758058201744
CPM-RO-001,directional_efficiency_24h,Holdout,2026-08-16,0.44840116279069764
CPM-RO-001,directional_efficiency_24h,Holdout,2026-08-17,0.5124890446976337
CPM-RO-001,directional_efficiency_24h,Holdout,2026-08-18,0.5872465595125538
CPM-RO-001,directional_efficiency_24h,Holdout,2026-08-19,0.4161184210526316
CPM-RO-001,directional_efficiency_24h,Holdout,2026-08-20,0.3994755244755245
CPM-RO-001,directional_efficiency_24h,Holdout,2026-08-21,0.36980491942324006
CPM-RO-001,directional_efficiency_24h,Holdout,2026-08-22,0.5121408711770157
CPM-RO-001,directional_efficiency_24h,Holdout,2026-08-23,0.4011341222879684
CPM-RO-001,directional_efficiency_24h,Holdout,2026-08-24,0.4135593220338983
CPM-RO-001,directional_efficiency_24h,Holdout,2026-08-25,0.4113153004336155
CPM-RO-001,directional_efficiency_24h,Holdout,2026-08-26,0.46387764282501126
CPM-RO-001,directional_efficiency_24h,Holdout,2026-08-27,0.5296074517631404
CPM-RO-001,directional_efficiency_24h,Holdout,2026-08-28,0.42974238875878223
CPM-RO-001,directional_efficiency_24h,Holdout,2026-08-29,0.4805860805860806
CPM-RO-001,directional_efficiency_24h,Holdout,2026-08-30,0.5450827653359298
